{
    "vertices": [0,-0,-0.05,0,0.01,-0.05,0.025,-0,-0.043301,0.025,0.01,-0.043301,0.043301,0,-0.025,0.043301,0.01,-0.025,0.05,0,0,0.05,0.01,0,0.043301,0,0.025,0.043301,0.01,0.025,0.025,0,0.043301,0.025,0.01,0.043301,0,0,0.05,0,0.01,0.05,-0.025,0,0.043301,-0.025,0.01,0.043301,-0.043301,0,0.025,-0.043301,0.01,0.025,-0.05,0,0,-0.05,0.01,0,-0.043301,0,-0.025,-0.043301,0.01,-0.025,-0.025,-0,-0.043301,-0.025,0.01,-0.043301,0.0125,0.01,-0.021651,-0,0.01,-0.025,0.021651,0.01,-0.0125,0.025,0.01,0,0.021651,0.01,0.0125,0.0125,0.01,0.021651,0,0.01,0.025,-0.0125,0.01,0.021651,-0.021651,0.01,0.0125,-0.025,0.01,0,-0.021651,0.01,-0.0125,-0.0125,0.01,-0.021651,0.0125,0.05,-0.021651,-0,0.05,-0.025,0.021651,0.05,-0.0125,0.025,0.05,0,0.021651,0.05,0.0125,0.0125,0.05,0.021651,0,0.05,0.025,-0.0125,0.05,0.021651,-0.021651,0.05,0.0125,-0.025,0.05,0,-0.021651,0.05,-0.0125,-0.0125,0.05,-0.021651,0.0375,0.045,-0.064952,0,0.045,-0.075,0.064952,0.045,-0.0375,0.075,0.045,-0,0.064952,0.045,0.0375,0.0375,0.045,0.064952,0,0.045,0.075,-0.0375,0.045,0.064952,-0.064952,0.045,0.0375,-0.075,0.045,0,-0.064952,0.045,-0.0375,-0.0375,0.045,-0.064952,0.0375,0.05,-0.064952,0,0.05,-0.075,0.064952,0.05,-0.0375,0.075,0.05,-0,0.064952,0.05,0.0375,0.0375,0.05,0.064952,0,0.05,0.075,-0.0375,0.05,0.064952,-0.064952,0.05,0.0375,-0.075,0.05,0,-0.064952,0.05,-0.0375,-0.0375,0.05,-0.064952,0.01875,0.06,-0.032476,0,0.06,-0.0375,0.032476,0.06,-0.01875,0.0375,0.06,0,0.032476,0.06,0.01875,0.01875,0.06,0.032476,0,0.06,0.0375,-0.01875,0.06,0.032476,-0.032476,0.06,0.01875,-0.0375,0.06,0,-0.032476,0.06,-0.01875,-0.01875,0.06,-0.032476,0.01875,0.065,-0.032476,0,0.065,-0.0375,0.032476,0.065,-0.01875,0.0375,0.065,0,0.032476,0.065,0.01875,0.01875,0.065,0.032476,0,0.065,0.0375,-0.01875,0.065,0.032476,-0.032476,0.065,0.01875,-0.0375,0.065,0,-0.032476,0.065,-0.01875,-0.01875,0.065,-0.032476],
    "faces": [33,0,1,3,2,0,1,2,3,33,2,3,5,4,3,2,4,5,33,4,5,7,6,5,4,6,7,33,6,7,9,8,7,6,8,9,33,8,9,11,10,9,8,10,11,33,10,11,13,12,11,10,12,13,33,12,13,15,14,13,12,14,15,33,14,15,17,16,15,14,16,17,33,16,17,19,18,17,16,18,19,33,18,19,21,20,19,18,20,21,33,11,9,28,29,10,8,22,23,33,1,0,22,23,1,0,24,25,33,20,21,23,22,21,20,25,24,32,22,0,2,24,0,3,32,2,4,6,3,5,7,32,6,8,10,7,9,11,32,10,12,14,11,13,15,32,14,16,18,15,17,19,32,18,20,22,19,21,24,32,22,2,6,24,3,7,32,6,10,14,7,11,15,32,14,18,22,15,19,24,32,6,14,22,7,15,24,33,30,29,41,42,26,23,27,28,33,9,7,27,28,8,6,29,22,33,1,23,35,25,1,25,30,31,33,3,1,25,24,2,1,31,32,33,7,5,26,27,6,4,33,29,33,23,21,34,35,25,20,34,30,33,5,3,24,26,4,2,32,33,33,21,19,33,34,20,18,35,34,33,19,17,32,33,18,16,36,35,33,17,15,31,32,16,14,37,36,33,15,13,30,31,14,12,26,37,33,13,11,29,30,12,10,23,26,33,42,41,53,54,28,27,38,39,33,27,26,38,39,29,33,40,41,33,34,33,45,46,34,35,42,43,33,31,30,42,43,37,26,28,44,33,28,27,39,40,22,29,41,45,33,35,34,46,47,30,34,43,46,33,24,25,37,36,32,31,47,48,33,32,31,43,44,36,37,44,49,33,29,28,40,41,23,22,45,27,33,25,35,47,37,31,30,46,47,33,26,24,36,38,33,32,48,40,33,33,32,44,45,35,36,49,42,33,57,56,68,69,50,51,52,53,33,39,38,50,51,41,40,54,55,33,46,45,57,58,43,42,50,56,33,43,42,54,55,44,28,39,57,33,40,39,51,52,45,41,55,58,33,47,46,58,59,46,43,56,59,33,36,37,49,48,48,47,60,61,33,44,43,55,56,49,44,57,51,33,41,40,52,53,27,45,58,38,33,37,47,59,49,47,46,59,60,33,38,36,48,50,40,48,61,54,33,45,44,56,57,42,49,51,50,33,62,60,72,74,62,63,64,65,33,54,53,65,66,39,38,66,67,33,51,50,62,63,55,54,62,68,33,58,57,69,70,56,50,53,69,33,55,54,66,67,57,39,67,70,33,52,51,63,64,58,55,68,71,33,59,58,70,71,59,56,69,72,33,48,49,61,60,61,60,73,63,33,56,55,67,68,51,57,70,52,33,53,52,64,65,38,58,71,66,33,49,59,71,61,60,59,72,73,33,50,48,60,62,54,61,63,62,33,73,83,95,85,74,75,25,1,33,69,68,80,81,53,52,76,77,33,66,65,77,78,67,66,78,79,33,63,62,74,75,68,62,65,80,33,70,69,81,82,69,53,77,81,33,67,66,78,79,70,67,79,82,33,64,63,75,76,71,68,80,83,33,71,70,82,83,72,69,81,75,33,60,61,73,72,63,73,74,64,33,68,67,79,80,52,70,82,76,33,65,64,76,77,66,71,83,78,33,61,71,83,73,73,72,75,74,32,86,84,85,4,2,1,32,85,95,94,1,25,20,32,94,93,92,20,18,16,32,92,91,90,16,14,12,32,90,89,88,12,10,8,32,88,87,86,8,6,4,32,86,85,94,4,1,20,32,94,92,90,20,16,12,32,90,88,86,12,8,4,32,94,90,86,20,12,4,33,74,72,84,86,65,64,2,4,33,81,80,92,93,77,76,16,18,33,78,77,89,90,79,78,10,12,33,75,74,86,87,80,65,4,6,33,82,81,93,94,81,77,18,20,33,79,78,90,91,82,79,12,14,33,76,75,87,88,83,80,6,8,33,83,82,94,95,75,81,20,25,33,72,73,85,84,64,74,1,2,33,80,79,91,92,76,82,14,16,33,77,76,88,89,78,83,8,10],
    "normals": [0,-0.653218,-0.757134,0,0.653218,-0.757134,0.378552,0.653218,-0.655721,0.378552,-0.653218,-0.655721,0.655721,0.653218,-0.378552,0.655721,-0.653218,-0.378552,0.757134,0.653218,0,0.757134,-0.653218,0,0.655721,0.653218,0.378552,0.655721,-0.653218,0.378552,0.378552,0.653218,0.655721,0.378552,-0.653218,0.655721,0,0.653218,0.757134,0,-0.653218,0.757134,-0.378552,0.653218,0.655721,-0.378552,-0.653218,0.655721,-0.655721,0.653218,0.378552,-0.655721,-0.653218,0.378552,-0.757134,0.653218,0,-0.757134,-0.653218,0,-0.655721,0.653218,-0.378552,-0.655721,-0.653218,-0.378552,0.552263,0.770257,0.318857,0.318857,0.770257,0.552263,-0.378552,-0.653218,-0.655721,-0.378552,0.653218,-0.655721,0,0.770257,0.637715,0.295572,-0.806543,0.511948,0,-0.806543,0.591144,0.637715,0.770257,0,-0.318857,0.770257,-0.552263,0,0.770257,-0.637715,0.318857,0.770257,-0.552263,0.552263,0.770257,-0.318857,-0.552263,0.770257,-0.318857,-0.637715,0.770257,0,-0.552263,0.770257,0.318857,-0.318857,0.770257,0.552263,0.36436,-0.684805,0.631062,0,-0.684805,0.728721,0.511948,-0.806543,-0.295572,0.591144,-0.806543,0,-0.591144,-0.806543,0,-0.511948,-0.806543,-0.295572,-0.295572,-0.806543,0.511948,0.511948,-0.806543,0.295572,-0.295572,-0.806543,-0.511948,0,-0.806543,-0.591144,0.295572,-0.806543,-0.511948,-0.511948,-0.806543,0.295572,-0.728721,-0.684805,0,-0.631062,-0.684805,0.36436,-0.714621,0.564837,0.41258,-0.82519,0.564837,0,0.631062,-0.684805,-0.36436,0.728721,-0.684805,0,-0.631062,-0.684805,-0.36436,-0.36436,-0.684805,0.631062,0.631062,-0.684805,0.36436,-0.36436,-0.684805,-0.631062,0,-0.684805,-0.728721,0.36436,-0.684805,-0.631062,0.714621,0.564837,-0.41258,0.41258,0.564837,-0.714621,0.374401,0.66277,-0.648488,0.648488,0.66277,-0.374401,0.41258,0.564837,0.714621,0,0.564837,0.82519,0.82519,0.564837,0,-0.714621,0.564837,-0.41258,-0.41258,0.564837,0.714621,0.714621,0.564837,0.41258,-0.41258,0.564837,-0.714621,0,0.564837,-0.82519,0,0.66277,-0.748802,-0.374401,0.66277,-0.648488,-0.648488,0.66277,0.374401,-0.748802,0.66277,0,0.374401,0.66277,0.648488,0,0.66277,0.748802,0.748802,0.66277,0,-0.648488,0.66277,-0.374401,-0.374401,0.66277,0.648488,0.648488,0.66277,0.374401],
    "uvs": [],
    "metadata": {
        "version": 3,
        "vertices": 96,
        "normals": 84,
        "uvs": 0,
        "generator": "io_three",
        "faces": 104,
        "type": "Geometry"
    },
    "name": "Cylinder.001Geometry"
}