{
    "normals": [-0.317392,0.738365,0.595019,-0.345836,0.678243,0.648335,-0.5403,0.667318,0.512558,-0.47853,0.751579,0.453963,0.16541,-0.667318,-0.726157,0.38139,-0.678243,-0.628071,0.625446,-0.648885,-0.433302,0.760399,-0.648885,-0.026734,0.681265,-0.678243,0.275307,0.584216,-0.678243,0.445662,0.364727,-0.648854,0.667745,-0.053835,-0.648885,0.758965,-0.345805,-0.678274,0.648305,-0.540239,-0.667409,0.512467,-0.753655,-0.636372,0.16419,-0.70452,-0.667379,-0.241279,-0.56679,-0.667348,-0.483047,-0.243019,-0.63628,-0.73217,0.629963,-0.776269,-0.022126,0.518174,-0.776269,-0.358989,-0.053835,0.648854,0.758965,0.364727,0.648854,0.667745,0.584216,0.678243,0.445662,0.681265,0.678243,0.275307,0.760399,0.648885,-0.026734,0.625416,0.648885,-0.433302,0.381359,0.678274,-0.62804,0.16538,0.667409,-0.726066,-0.243049,0.636372,-0.732047,-0.56679,0.667379,-0.483016,-0.70455,0.667348,-0.241249,-0.753746,0.63628,0.164251,-0.191229,-0.794671,-0.576098,-0.501968,-0.75164,-0.427778,-0.623951,0.75164,-0.213691,-0.501938,0.751671,-0.427778,-0.044588,-0.776299,0.628742,-0.317362,-0.738426,0.594928,0.349956,0.738456,-0.576342,0.146428,0.751732,-0.642964,0.629963,0.776269,-0.022156,0.518143,0.776299,-0.358959,0.302164,0.776269,0.553209,-0.044588,0.776269,0.628773,0.022706,0.668142,0.743675,0.364727,0.648885,0.667745,-0.746025,-0.664266,0.046205,-0.746117,0.664174,0.046266,0.658193,-0.675619,-0.332102,0.658193,0.675619,-0.332102,0.681265,0.678243,0.275277,0.681265,-0.678243,0.275277,0.022706,-0.668142,0.743645,-0.285287,0.658162,0.696707,-0.285257,-0.658254,0.696616,-0.423505,0.697104,-0.578478,-0.423505,-0.697043,-0.57857,-0.631947,-0.639149,0.438276,-0.632038,0.638997,0.438368,0.364727,-0.648885,0.667745,-0.592975,-0.794763,0.129215,-0.478439,-0.751732,0.453841,-0.623951,-0.751671,-0.21363,0.350017,-0.738334,-0.576434,0.146519,-0.751579,-0.643147,0.536149,0.738395,0.408979,0.625233,0.738395,0.252632,0.625233,-0.738395,0.252632,-0.593097,0.794671,0.129215,0.536149,-0.738395,0.408979,0.302164,-0.776269,0.553209,-0.191198,0.794763,-0.575976,-0.06888,-0.613453,-0.786676,0.47969,-0.651204,-0.588031,-0.068972,0.613605,-0.786554,0.479659,0.651295,-0.587939],
    "name": "Cube.002Geometry.1",
    "uvs": [],
    "faces": [33,41,4,20,39,0,1,2,3,32,26,8,10,4,5,6,32,10,11,9,6,7,8,32,9,0,2,8,9,10,32,2,3,1,10,11,12,32,1,16,18,12,13,14,32,18,17,25,14,15,16,32,25,27,26,16,17,4,32,26,10,9,4,6,8,32,9,2,1,8,10,12,32,1,18,25,12,14,16,32,25,26,9,16,4,8,32,9,1,25,8,12,16,33,31,11,10,32,18,7,6,19,32,20,4,6,2,1,20,32,6,7,5,20,21,22,32,5,12,14,22,23,24,32,14,15,13,24,25,26,32,13,22,24,26,27,28,32,24,23,19,28,29,30,32,19,21,20,30,31,2,32,20,6,5,2,20,22,32,5,14,13,22,24,26,32,13,24,19,26,28,30,32,19,20,5,30,2,22,32,5,13,19,22,26,30,33,33,27,25,34,32,17,16,33,33,42,19,23,40,34,30,29,35,33,3,28,29,1,11,36,37,12,33,13,38,43,22,26,38,39,27,33,14,36,37,15,24,40,41,25,33,15,37,38,13,25,41,38,26,33,44,46,58,56,42,43,44,45,33,65,64,66,67,46,47,30,15,33,75,73,72,76,24,7,48,49,33,62,63,73,75,50,51,7,24,33,59,58,60,61,52,44,53,54,33,79,71,70,80,55,56,16,29,33,69,78,64,65,57,58,47,46,33,57,56,58,59,59,45,44,52,33,68,74,56,57,9,22,45,59,33,61,60,78,69,54,53,58,57,33,68,63,62,74,9,51,50,22,33,67,66,80,70,15,30,29,16,33,50,53,69,65,60,61,57,46,33,51,50,65,67,62,60,46,15,33,54,8,26,52,63,5,4,64,33,35,47,12,5,65,66,23,22,33,35,5,7,44,65,22,21,42,33,44,7,6,46,42,21,20,43,33,46,6,4,41,43,20,1,0,33,48,9,11,31,67,8,7,18,33,32,10,8,54,19,6,5,63,33,39,20,21,49,3,2,31,68,33,49,21,19,42,68,31,30,34,33,52,26,27,33,64,4,17,32,33,0,9,48,30,9,8,67,69,33,1,29,53,16,12,37,61,13,33,0,30,45,2,9,69,70,10,33,2,45,28,3,10,70,36,11,33,16,53,50,18,13,61,60,14,33,18,50,51,17,14,60,62,15,33,17,51,34,25,15,62,33,16,33,12,47,36,14,23,66,40,24,33,22,43,55,24,27,39,71,28,33,24,55,40,23,28,71,35,29,33,29,28,59,61,37,36,52,54,33,46,41,60,58,43,0,53,44,33,28,45,57,59,36,70,59,52,33,39,49,64,78,3,68,47,58,33,45,30,68,57,70,69,9,59,33,49,42,66,64,68,34,30,47,33,53,29,61,69,61,37,54,57,33,42,40,80,66,34,35,29,30,33,30,48,63,68,69,67,51,9,33,54,52,82,83,63,64,72,73,33,40,55,79,80,35,71,55,29,33,48,31,73,63,67,18,7,51,33,55,43,81,79,71,39,74,55,33,31,32,72,73,18,19,48,7,33,38,37,76,77,38,41,49,75,33,32,54,83,72,19,63,73,48,33,37,36,75,76,41,40,24,49,33,81,82,71,79,74,72,56,55,33,76,72,83,77,49,48,73,75,33,77,83,82,81,75,73,72,74,33,35,44,56,74,65,42,45,22,33,41,39,78,60,0,3,58,53,33,34,51,67,70,33,62,15,16,33,47,35,74,62,66,65,22,50,33,43,38,77,81,39,38,75,74,33,33,34,70,71,32,33,16,56,33,36,47,62,75,40,66,50,24,33,52,33,71,82,64,32,56,72],
    "vertices": [0.168657,0.025,0.093744,0.18499,0.025,0.090186,0.17311,0.025,0.089292,0.179089,0.025,0.087989,0.184991,-0,0.090185,0.168657,0,0.093744,0.179089,-0,0.087989,0.17311,-0,0.089292,0.167752,0.025,0.120016,0.162575,0.025,0.10442,0.162937,0.025,0.116126,0.161042,0.025,0.110418,0.162575,0,0.10442,0.167752,-0,0.120015,0.161042,-0,0.110418,0.162937,-0,0.116126,0.277746,0.025003,0.15695,0.279213,0.025003,0.163684,0.279734,0.025003,0.160044,0.279216,-2e-06,0.163679,0.277749,-2e-06,0.156945,0.279736,-2e-06,0.160039,0.274799,-2e-06,0.166778,0.278069,-2e-06,0.165693,0.276636,-2e-06,0.166845,0.278066,0.025003,0.165697,0.274796,0.025003,0.166783,0.276633,0.025003,0.166849,0.179089,0.01875,0.087989,0.18499,0.01875,0.090185,0.168657,0.01875,0.093744,0.161042,0.01875,0.110418,0.162937,0.01875,0.116126,0.276634,0.018752,0.166848,0.278067,0.018752,0.165696,0.168657,0.00625,0.093744,0.161042,0.00625,0.110418,0.162937,0.00625,0.116126,0.167752,0.00625,0.120016,0.277748,0.006249,0.156947,0.278068,0.006249,0.165694,0.184991,0.00625,0.090185,0.279215,0.006249,0.163681,0.274798,0.006249,0.16678,0.17311,0.00625,0.089292,0.17311,0.01875,0.089292,0.179089,0.00625,0.087989,0.162575,0.00625,0.10442,0.162575,0.01875,0.10442,0.279736,0.006249,0.16004,0.279734,0.018752,0.160043,0.279214,0.018752,0.163683,0.274796,0.018752,0.166782,0.277747,0.018752,0.156949,0.167752,0.01875,0.120016,0.276635,0.006249,0.166846,0.168304,0.00625,0.084821,0.168304,0.01875,0.084821,0.17494,0.00625,0.083375,0.17494,0.01875,0.083375,0.182413,0.00625,0.084531,0.182413,0.01875,0.084531,0.15661,0.00625,0.101614,0.15661,0.01875,0.101614,0.286658,0.006249,0.163352,0.286657,0.018752,0.163354,0.28608,0.006249,0.167392,0.286079,0.018752,0.167395,0.163361,0.01875,0.089763,0.285373,0.018752,0.158639,0.284806,0.018752,0.16963,0.283215,0.018752,0.170908,0.157012,0.01875,0.114607,0.154908,0.01875,0.108271,0.163361,0.00625,0.089763,0.154908,0.00625,0.108271,0.157012,0.00625,0.114607,0.161476,0.00625,0.120939,0.285374,0.006249,0.158636,0.283216,0.006249,0.170906,0.284807,0.006249,0.169627,0.280297,0.006249,0.172847,0.280295,0.018751,0.17285,0.161476,0.01875,0.120939],
    "metadata": {
        "normals": 76,
        "type": "Geometry",
        "uvs": 0,
        "vertices": 84,
        "generator": "io_three",
        "version": 3,
        "faces": 94
    }
}