{
    "vertices": [0.168657,0.025,-1.90626,0.18499,0.025,-1.90981,0.17311,0.025,-1.91071,0.179089,0.025,-1.91201,0.184991,-0,-1.90982,0.168657,-0,-1.90626,0.179089,-0,-1.91201,0.17311,-0,-1.91071,0.167752,0.025,-1.87998,0.162575,0.025,-1.89558,0.162937,0.025,-1.88387,0.161042,0.025,-1.88958,0.162575,-0,-1.89558,0.167752,-0,-1.87998,0.161042,-0,-1.88958,0.162937,-0,-1.88387,0.277746,0.025003,-1.84305,0.279213,0.025003,-1.83632,0.279734,0.025003,-1.83996,0.279216,-2e-06,-1.83632,0.277749,-2e-06,-1.84306,0.279736,-2e-06,-1.83996,0.274799,-2e-06,-1.83322,0.278069,-2e-06,-1.83431,0.276636,-2e-06,-1.83316,0.278066,0.025003,-1.8343,0.274796,0.025003,-1.83322,0.276633,0.025003,-1.83315],
    "faces": [33,13,8,26,22,0,1,2,3,33,0,9,12,5,4,5,6,7,33,1,4,20,16,8,9,10,11,33,0,5,7,2,4,7,12,13,33,2,7,6,3,13,12,14,15,33,3,6,4,1,15,14,9,8,32,26,8,10,2,1,16,32,10,11,9,16,17,5,32,9,0,2,5,4,13,32,2,3,1,13,15,8,32,1,16,18,8,11,18,32,18,17,25,18,19,20,32,25,27,26,20,21,2,32,26,10,9,2,16,5,32,9,2,1,5,13,8,32,1,18,25,8,18,20,32,25,26,9,20,2,5,32,9,1,25,5,8,20,33,12,9,11,14,6,5,17,22,33,14,11,10,15,22,17,16,23,33,15,10,8,13,23,16,1,0,32,20,4,6,10,9,14,32,6,7,5,14,12,7,32,5,12,14,7,6,22,32,14,15,13,22,23,0,32,13,22,24,0,3,24,32,24,23,19,24,25,26,32,19,21,20,26,27,10,32,20,6,5,10,14,7,32,5,14,13,7,22,0,32,13,24,19,0,24,26,32,19,20,5,26,10,7,32,5,13,19,7,0,26,33,16,20,21,18,11,10,27,18,33,18,21,19,17,18,27,26,19,33,22,26,27,24,3,2,21,24,33,24,27,25,23,24,21,20,25,33,17,19,23,25,19,26,25,20],
    "normals": [0.381359,0.678274,-0.62804,0.38139,-0.678243,-0.628071,0.16541,-0.667318,-0.726157,0.16538,0.667409,-0.726066,0.584216,-0.678243,0.445662,0.681265,-0.678243,0.275307,0.681265,0.678243,0.275307,0.584216,0.678243,0.445662,-0.345805,-0.678274,0.648305,-0.345836,0.678243,0.648335,-0.54033,0.667318,0.512558,-0.540239,-0.667409,0.512467,0.364727,0.648854,0.667745,0.364727,-0.648854,0.667745,-0.053835,0.648854,0.758965,-0.053835,-0.648885,0.758965,0.625446,-0.648885,-0.433302,0.760399,-0.648885,-0.026734,-0.753655,-0.636372,0.16419,-0.70452,-0.667379,-0.241279,-0.56679,-0.667348,-0.483047,-0.243019,-0.63625,-0.73217,0.760399,0.648885,-0.026734,0.625416,0.648885,-0.433302,-0.243049,0.636402,-0.732047,-0.56679,0.667379,-0.483016,-0.70455,0.667348,-0.241249,-0.753746,0.63625,0.164251],
    "uvs": [],
    "metadata": {
        "version": 3,
        "vertices": 28,
        "normals": 28,
        "uvs": 0,
        "generator": "io_three",
        "faces": 38,
        "type": "Geometry"
    },
    "name": "Cube.002Geometry.3"
}