{
    "vertices": [0.000631,0.025,-0.044692,-0.036443,0.025,-0.044692,0.000349,0.025,-0.037911,0.000349,0,-0.037911,-0.036443,0,-0.044692,0.000631,0,-0.044692,-0.036161,0.025,-0.031473,-0.036161,0,-0.031473,0.00125,0.025,-0.031184,0.00125,0,-0.031184,-0.033588,0.025,-0.018504,-0.033588,0,-0.018504,0.003304,0.025,-0.024715,0.003304,0,-0.024715,-0.028803,0,-0.006178,-0.028803,0.025,-0.006178,-0.021949,0.025,0.005129,0.006451,0.025,-0.018702,0.006451,0,-0.018702,-0.021949,0,0.005129,-0.013237,0,0.015074,0.010594,0.025,-0.013326,0.010594,0,-0.013326,-0.013237,0.025,0.015074,0.015608,0.025,-0.008752,0.015608,0,-0.008752,-0.002929,0.025,0.023355,-0.002929,0,0.023355,0.000631,-0,-0.199787,-0.011869,-0,-0.212287,-0.00032,-0,-0.20457,-0.00303,-0,-0.208626,-0.007085,-0,-0.211335,-0.011869,0.025,-0.212287,0.000631,0.025,-0.199787,-0.007085,0.025,-0.211335,-0.00303,0.025,-0.208626,-0.00032,0.025,-0.20457,-0.024156,-0,-0.212287,-0.036443,-0,-0.2,-0.028858,-0,-0.211352,-0.032844,-0,-0.208688,-0.035508,-0,-0.204702,-0.036443,0.025,-0.2,-0.024156,0.025,-0.212287,-0.035508,0.025,-0.204702,-0.032844,0.025,-0.208688,-0.028858,0.025,-0.211352,0.160839,0.025,0.076094,0.165423,0.025,0.093248,0.165404,0.025,0.0807,0.167082,0.025,0.086979,0.165423,0,0.093248,0.160839,0,0.076094,0.167082,0,0.086979,0.165404,0,0.0807,0.159788,0.025,0.103093,0.144299,0.025,0.107319,0.15565,0.025,0.107263,0.149981,0.025,0.108809,0.144299,0,0.107319,0.159788,0,0.103093,0.149981,0,0.108809,0.15565,0,0.107263],
    "faces": [33,38,29,33,44,0,1,2,3,32,1,43,45,4,5,6,32,45,46,47,6,7,8,32,47,44,33,8,3,2,32,33,35,36,2,9,10,32,36,37,34,10,11,12,32,34,0,1,12,13,4,32,1,45,47,4,6,8,32,47,33,36,8,2,10,32,36,34,1,10,12,4,32,47,36,1,8,10,4,33,21,22,25,24,14,15,16,17,33,23,21,24,26,18,14,17,19,33,33,29,32,35,2,1,20,9,33,35,32,31,36,9,20,21,10,33,36,31,30,37,10,21,22,11,33,37,30,28,34,11,22,23,12,33,43,39,42,45,5,24,25,6,33,45,42,41,46,6,25,26,7,33,46,41,40,47,7,26,27,8,33,47,40,38,44,8,27,0,3,33,0,5,3,2,13,28,29,30,33,4,1,6,7,31,4,32,33,33,1,0,2,6,4,13,30,32,33,5,4,7,3,28,31,33,29,33,3,7,11,9,29,33,34,35,33,6,2,8,10,32,30,36,37,33,2,3,9,8,30,29,35,36,33,7,6,10,11,33,32,37,34,33,9,11,14,13,35,34,38,39,33,10,8,12,15,37,36,40,41,33,8,9,13,12,36,35,39,40,33,11,10,15,14,34,37,41,38,33,13,14,19,18,39,38,42,43,33,15,12,17,16,41,40,44,45,33,12,13,18,17,40,39,43,44,33,14,15,16,19,38,41,45,42,33,19,16,23,20,42,45,18,46,33,18,19,20,22,43,42,46,15,33,16,17,21,23,45,44,14,18,33,17,18,22,21,44,43,15,14,33,20,23,26,27,46,18,19,47,33,22,20,27,25,15,46,47,16,33,39,43,1,4,24,5,4,31,33,5,0,34,28,28,13,12,23,32,5,28,30,28,23,22,32,30,31,32,22,21,20,32,32,29,38,20,1,0,32,38,40,41,0,27,26,32,41,42,39,26,25,24,32,39,4,5,24,31,28,32,5,30,32,28,22,20,32,32,38,41,20,0,26,32,41,39,5,26,24,28,32,32,41,5,20,26,28,32,26,24,48,19,17,48,32,48,50,51,48,49,50,32,51,49,56,50,51,52,32,56,58,59,52,53,54,32,59,57,26,54,55,19,32,26,48,51,19,48,50,32,51,56,59,50,52,54,32,51,59,26,50,54,19,33,56,49,52,61,52,51,56,57,33,24,25,53,48,17,16,58,48,33,52,49,51,54,56,51,50,59,33,54,51,50,55,59,50,49,60,33,55,50,48,53,60,49,48,58,32,25,27,60,16,47,61,32,60,62,63,61,62,63,32,63,61,52,63,57,56,32,52,54,55,56,59,60,32,55,53,25,60,58,16,32,25,60,63,16,61,63,32,63,52,55,63,56,60,32,63,55,25,63,60,16,33,60,57,59,62,61,55,54,62,33,62,59,58,63,62,54,53,63,33,63,58,56,61,63,53,52,57,33,26,57,60,27,19,55,61,47],
    "normals": [0.071322,0.68569,0.724357,-0.071322,0.68569,0.724357,-0.071322,-0.68569,0.724357,0.071322,-0.68569,0.724357,0.709433,-0.704703,-0.007538,0.724357,-0.68569,0.071322,0.689383,-0.6657,0.285531,0.527635,-0.6657,0.527635,0.285531,-0.6657,0.689383,-0.285531,-0.6657,0.689383,-0.527635,-0.6657,0.527635,-0.689383,-0.6657,0.285531,-0.724357,-0.68569,0.071322,-0.711539,-0.702445,-0.01474,-0.505051,-0.727256,0.464766,-0.505051,0.727256,0.464766,-0.403943,0.731559,0.549181,-0.403943,-0.731559,0.549181,0.502091,-0.687979,-0.523942,0.407361,-0.689688,-0.59859,-0.285531,0.6657,0.689383,-0.527635,0.6657,0.527635,-0.689383,0.6657,0.285531,-0.724357,0.68569,0.071322,0.724357,0.68569,0.071322,0.689383,0.6657,0.285531,0.527635,0.6657,0.527635,0.285531,0.6657,0.689383,-0.711539,0.702445,-0.01474,-0.685629,0.727256,0.031373,-0.685629,-0.727256,0.031373,0.709433,0.704703,-0.007538,0.721427,-0.687979,-0.078616,0.721427,0.687979,-0.078616,0.696799,0.687979,-0.202704,-0.669759,0.727256,0.149968,-0.669759,-0.727256,0.149968,0.696799,-0.687979,-0.202704,0.651021,0.687979,-0.320627,-0.633534,0.727256,0.263985,-0.633534,-0.727256,0.263985,0.651021,-0.687979,-0.320627,0.585437,0.687979,-0.428785,-0.578082,0.727256,0.370006,-0.578082,-0.727256,0.370006,0.585437,-0.687979,-0.428785,0.502091,0.687979,-0.523942,0.407361,0.689688,-0.59859,-0.449751,-0.678915,0.580309,-0.656423,-0.653554,0.37669,-0.756828,-0.653554,0.000916,-0.67925,-0.678915,-0.278603,-0.584185,-0.678884,-0.444746,-0.381268,-0.653279,-0.654073,-0.003662,-0.653279,-0.757073,0.277383,-0.678884,-0.6798,-0.67925,0.678915,-0.278603,-0.584185,0.678884,-0.444746,-0.449751,0.678915,0.580309,-0.756828,0.653554,0.000916,-0.656423,0.653554,0.37669,0.277383,0.678884,-0.6798,-0.003662,0.653279,-0.757073,-0.381268,0.653279,-0.654073],
    "uvs": [],
    "metadata": {
        "version": 3,
        "vertices": 64,
        "normals": 64,
        "uvs": 0,
        "generator": "io_three",
        "faces": 80,
        "type": "Geometry"
    },
    "name": "Cube.001Geometry"
}