{
    "normals": [-0.139744,-0.98999,0.018372,-0.378552,-0.653218,-0.655721,-0.655721,-0.653218,-0.378552,-0.710959,-0.703085,0.012726,-0.710959,0.703085,0.012726,-0.727958,0.678854,-0.095828,-0.727958,-0.678854,-0.095828,0.600238,-0.678854,0.422864,0.68923,-0.678854,0.25309,-0.390728,-0.688253,0.611194,-0.25309,-0.678854,0.68923,-0.25309,0.678854,0.68923,-0.390728,0.688253,0.611194,-0.606311,-0.670644,0.42732,-0.606311,0.670644,0.42732,-0.378552,0.653218,0.655721,-0.378552,-0.653218,0.655721,-0.095828,0.678854,0.727958,-0.095828,-0.678854,0.727958,0.600238,0.678854,0.422864,0.404981,0.653218,0.639729,0.404981,-0.653218,0.639729,0.030854,0.653218,0.756523,0.030854,-0.653218,0.756523,0.026551,-0.997314,0.067965,0.026551,0.997314,0.067965,0.756523,0.653218,-0.030854,0.756523,-0.653218,-0.030854,0.68923,0.678854,0.25309,-0.720206,0.687979,0.089114,-0.720206,-0.687979,0.089114,-0.693777,-0.687979,0.212806,-0.693777,0.687979,0.212806,-0.64629,-0.687979,0.330058,-0.64629,0.687979,0.330058,-0.57915,-0.687979,0.437269,-0.57915,0.687979,0.437269,-0.492935,-0.687185,0.533586,-0.492935,0.687185,0.533586,-0.139744,0.98999,0.018372,-0.378552,0.653218,-0.655721,-0.655721,0.653218,-0.378552,0.707083,0,0.707083,0,0,1,1,0,0,-0.707083,0,0.707083,0.707083,0,-0.707083,-1,0,0,0,0,-0.999969,-0.707083,0,-0.707083,0,0,-1,0.77636,0.630238,0,0.548967,0.630238,0.548967,0.548967,0.630238,-0.548967,0,0.630238,0.77636,0,0.630238,-0.77636,-0.548967,0.630238,0.548967,-0.548967,0.630238,-0.548967,-0.77636,0.630238,0,-0.77636,-0.630238,0,-0.548967,-0.630238,-0.548967,0,-0.630238,-0.77636,0.548967,-0.630238,-0.548967,0.77636,-0.630238,0,0.548967,-0.630238,0.548967,0,-0.630238,0.77636,-0.548967,-0.630238,0.548967],
    "name": "Cube.004Geometry.1",
    "uvs": [],
    "faces": [33,71,13,15,80,0,0,1,1,33,80,15,14,81,1,1,2,2,33,58,0,17,57,3,4,5,6,33,83,32,36,77,7,7,8,8,33,59,67,28,11,9,10,11,12,33,62,27,26,63,13,14,15,16,33,63,26,25,64,16,15,17,18,33,60,29,31,65,7,19,20,21,33,65,31,30,66,21,20,22,23,33,66,30,28,67,23,22,11,10,33,68,41,40,69,24,25,26,27,33,69,40,39,70,27,26,28,8,33,2,50,51,4,29,30,31,32,33,4,51,52,6,32,31,33,34,33,6,52,53,8,34,33,35,36,33,8,53,54,10,36,35,37,38,33,16,61,55,18,39,0,1,40,33,18,55,56,19,40,1,2,41,33,19,56,57,17,41,2,6,5,33,0,58,50,2,4,3,30,29,33,29,60,70,39,19,7,8,28,33,25,16,61,64,17,39,0,18,33,41,27,62,68,25,14,13,24,33,10,54,59,11,38,37,9,12,33,32,83,73,34,7,7,21,21,33,34,73,74,35,21,21,23,23,33,37,75,76,38,24,24,27,27,33,38,76,77,36,27,27,8,8,32,3,1,20,31,30,3,32,20,12,14,3,6,2,32,14,15,13,2,1,0,32,13,22,24,0,18,16,32,24,23,37,16,13,24,32,37,38,36,24,27,8,32,36,32,34,8,7,21,32,34,35,33,21,23,10,32,33,21,9,10,9,37,32,9,7,5,37,35,33,32,5,3,20,33,31,3,32,20,14,13,3,2,0,32,13,24,37,0,16,24,32,37,36,34,24,8,21,32,34,33,9,21,10,37,32,9,5,20,37,33,3,32,20,13,37,3,0,24,32,37,34,9,24,21,37,32,20,37,9,3,24,37,32,52,51,50,33,31,30,32,50,58,57,30,3,6,32,57,56,55,6,2,1,32,55,61,64,1,0,18,32,64,63,62,18,16,13,32,62,68,69,13,24,27,32,69,70,60,27,8,7,32,60,65,66,7,21,23,32,66,67,59,23,10,9,32,59,54,53,9,37,35,32,53,52,50,35,33,30,32,50,57,55,30,6,1,32,55,64,62,1,18,13,32,62,69,60,13,27,7,32,60,66,59,7,23,9,32,59,53,50,9,35,30,32,50,55,62,30,1,13,32,62,60,59,13,7,9,32,50,62,59,30,13,9,32,2,4,6,29,32,34,32,6,8,10,34,36,38,32,10,11,28,38,12,11,32,28,30,31,11,22,20,32,31,29,39,20,19,28,32,39,40,41,28,26,25,32,41,27,26,25,14,15,32,26,25,16,15,17,39,32,16,18,19,39,40,41,32,19,17,0,41,5,4,32,0,2,6,4,29,34,32,6,10,28,34,38,11,32,28,31,39,11,20,28,32,39,41,26,28,25,15,32,26,16,19,15,39,41,32,19,0,6,41,4,34,32,6,28,39,34,11,28,32,39,26,19,28,15,41,32,6,39,19,34,28,41,33,86,94,95,87,42,42,43,43,33,88,96,94,86,44,44,42,42,33,87,95,97,89,43,43,45,45,33,90,98,96,88,46,46,44,44,33,89,97,99,91,45,45,47,47,33,92,100,98,90,48,48,46,46,33,91,99,101,93,47,47,49,49,33,93,101,100,92,49,49,48,48,33,106,114,115,107,43,43,45,45,33,108,116,114,106,42,42,43,43,33,107,115,117,109,45,45,47,47,33,110,118,116,108,44,44,42,42,33,109,117,119,111,47,47,49,49,33,112,120,118,110,46,46,44,44,33,111,119,121,113,49,49,50,50,33,113,121,120,112,50,50,46,46,33,126,134,135,127,44,51,52,42,33,128,136,134,126,46,53,51,44,33,127,135,137,129,42,52,54,43,33,130,138,136,128,50,55,53,46,33,129,137,139,131,43,54,56,45,33,132,140,138,130,49,57,55,50,33,131,139,141,133,45,56,58,47,33,133,141,140,132,47,58,57,49,32,140,141,139,57,58,56,32,139,137,135,56,54,52,32,135,134,136,52,51,53,32,136,138,140,53,55,57,32,140,139,135,57,56,52,32,135,136,140,52,53,57,32,168,166,164,59,60,61,32,164,165,167,61,62,63,32,167,171,169,63,64,65,32,169,170,168,65,66,59,32,168,164,167,59,61,63,32,167,169,168,63,65,59,32,156,157,159,60,61,62,32,159,161,163,62,63,64,32,163,162,160,64,65,66,32,160,158,156,66,59,60,32,156,159,163,60,62,64,32,163,160,156,64,66,60,32,176,174,172,65,66,59,32,172,173,175,59,60,61,32,175,179,178,61,62,63,32,178,177,176,63,64,65,32,176,172,175,65,59,61,32,175,178,176,61,63,65,33,78,1,3,46,30,30,31,31,33,46,3,5,45,31,31,33,33,33,45,5,7,79,33,33,35,35,33,79,7,9,44,35,35,37,37,33,81,14,12,43,2,2,6,6,33,42,20,1,78,3,3,30,30,33,48,71,13,22,18,0,0,18,33,75,49,23,37,24,13,13,24,33,44,9,21,82,37,37,9,9,33,20,42,43,12,3,3,6,6,33,21,33,47,82,9,10,10,9,33,23,49,72,24,13,13,16,16,33,24,72,48,22,16,16,18,18,33,35,74,47,33,23,23,10,10,32,46,78,42,31,30,3,32,42,43,81,3,6,2,32,81,80,71,2,1,0,32,71,48,72,0,18,16,32,72,49,75,16,13,24,32,75,76,77,24,27,8,32,77,83,73,8,7,21,32,73,74,47,21,23,10,32,47,82,44,10,9,37,32,44,79,45,37,35,33,32,45,46,42,33,31,3,32,42,81,71,3,2,0,32,71,72,75,0,16,24,32,75,77,73,24,8,21,32,73,47,44,21,10,37,32,44,45,42,37,33,3,32,42,71,75,3,0,24,32,75,73,44,24,21,37,32,42,75,44,3,24,37,33,155,125,178,179,46,44,63,62,33,142,145,162,163,42,43,65,64,33,146,152,165,164,50,46,62,61,33,150,147,170,169,43,45,66,65,33,144,142,163,161,44,42,64,63,33,124,143,174,176,43,45,66,65,33,103,144,161,159,46,44,63,62,33,122,153,166,168,47,49,60,59,33,85,84,156,158,47,49,60,59,33,148,149,175,173,49,50,61,60,33,84,151,157,156,49,50,61,60,33,152,105,167,165,46,44,63,62,33,149,155,179,175,50,46,62,61,33,105,154,171,167,44,42,64,63,33,125,102,177,178,44,42,64,63,33,154,150,169,171,42,43,65,64,33,104,85,158,160,45,47,59,66,33,102,124,176,177,42,43,65,64,33,147,122,168,170,45,47,59,66,33,151,103,159,157,50,46,62,61,33,123,148,173,172,47,49,60,59,33,153,146,164,166,49,50,61,60,33,145,104,160,162,43,45,66,65,33,143,123,172,174,45,47,59,66],