{
    "vertices": [0.049513,0.025,-0.072949,0.049817,-0,-0.064475,0.049817,0.025,-0.064475,0.051588,-0,-0.056183,0.051588,0.025,-0.056183,0.054772,-0,-0.048324,0.054772,0.025,-0.048324,0.059272,-0,-0.041137,0.059272,0.025,-0.041137,0.064952,-0,-0.034841,0.064952,0.025,-0.034841,0.072305,0.025,-0.029195,0.049513,-0,-0.195299,0.062013,-0,-0.207799,0.051188,-0,-0.201549,0.055763,-0,-0.206125,0.062013,0.025,-0.207799,0.049513,0.025,-0.195299,0.055763,0.025,-0.206125,0.051188,0.025,-0.201549,0.049513,-0,-0.072949,0.072305,-0,-0.029195,0.077946,-0,-0.207799,0.088771,-0,-0.201549,0.084196,-0,-0.206125,0.077946,0.025,-0.207799,0.084196,0.025,-0.206125,0.088771,0.025,-0.201549,0.152923,0.025,0.013066,0.162716,0.025,0.010009,0.156587,0.025,0.01389,0.160172,0.025,0.012771,0.162716,0,0.010009,0.152923,0,0.013066,0.160172,0,0.012771,0.156587,0,0.01389,0.174882,-0,-0.013197,0.174586,-0,-0.020446,0.175705,-0,-0.016861,0.174882,0.025,-0.013197,0.175705,0.025,-0.016861,0.174586,0.025,-0.020446],
    "faces": [33,2,1,3,4,0,1,2,3,33,4,3,5,6,3,2,4,5,33,6,5,7,8,5,4,6,7,33,8,7,9,10,7,6,8,9,33,16,13,15,18,10,11,12,13,33,18,15,14,19,13,12,14,15,33,19,14,12,17,15,14,16,17,33,0,20,1,2,18,19,1,0,33,20,0,17,12,19,18,17,16,33,29,32,36,39,20,21,22,23,33,21,33,28,11,24,25,26,27,33,23,27,26,24,28,29,30,31,33,24,26,25,22,31,30,32,33,33,25,16,13,22,32,10,11,33,32,2,4,6,0,3,5,32,6,8,10,5,7,9,32,10,11,28,9,27,26,32,28,30,31,26,34,35,32,31,29,39,35,20,23,32,39,40,41,23,36,37,32,41,27,26,37,29,30,32,26,25,16,30,32,10,32,16,18,19,10,13,15,32,19,17,0,15,17,18,32,0,2,6,18,0,5,32,6,10,28,5,9,26,32,28,31,39,26,35,23,32,39,41,26,23,37,30,32,26,16,19,30,10,15,32,19,0,6,15,18,5,32,6,28,39,5,26,23,32,39,26,19,23,30,15,32,6,39,19,5,23,15,33,41,27,23,37,37,29,28,38,33,10,9,21,11,9,8,24,27,33,32,29,31,34,21,20,35,39,33,34,31,30,35,39,35,34,40,33,35,30,28,33,40,34,26,25,32,3,1,20,2,1,19,32,20,12,14,19,16,14,32,14,15,13,14,12,11,32,13,22,24,11,33,31,32,24,23,37,31,28,38,32,37,38,36,38,41,22,32,36,32,34,22,21,39,32,34,35,33,39,40,25,32,33,21,9,25,24,8,32,9,7,5,8,6,4,32,5,3,20,4,2,19,32,20,14,13,19,14,11,32,13,24,37,11,31,38,32,37,36,34,38,22,39,32,34,33,9,39,25,8,32,9,5,20,8,4,19,32,20,13,37,19,11,38,32,37,34,9,38,39,8,32,20,37,9,19,38,8,33,37,41,40,38,38,37,36,41,33,38,40,39,36,41,36,23,22],
    "normals": [-0.720206,0.687979,0.089114,-0.720206,-0.687979,0.089114,-0.693777,-0.687979,0.212806,-0.693777,0.687979,0.212806,-0.64629,-0.687979,0.330058,-0.64629,0.687979,0.330058,-0.57915,-0.687979,0.437269,-0.57915,0.687979,0.437269,-0.492935,-0.687185,0.533586,-0.492935,0.687185,0.533586,-0.139744,0.98999,0.018372,-0.139744,-0.98999,0.018372,-0.378552,-0.653218,-0.655721,-0.378552,0.653218,-0.655721,-0.655721,-0.653218,-0.378552,-0.655721,0.653218,-0.378552,-0.727958,-0.678854,-0.095828,-0.727958,0.678854,-0.095828,-0.710959,0.703085,0.012726,-0.710959,-0.703085,0.012726,0.600238,0.678854,0.422864,0.600238,-0.678854,0.422864,0.68923,-0.678854,0.25309,0.68923,0.678854,0.25309,-0.390728,-0.688253,0.611194,-0.25309,-0.678854,0.68923,-0.25309,0.678854,0.68923,-0.390728,0.688253,0.611194,-0.606311,-0.670644,0.42732,-0.606311,0.670644,0.42732,-0.378552,0.653218,0.655721,-0.378552,-0.653218,0.655721,-0.095828,0.678854,0.727958,-0.095828,-0.678854,0.727958,0.030854,0.653218,0.756523,0.404981,0.653218,0.639729,0.756523,0.653218,-0.030854,0.026551,0.997314,0.067965,0.026551,-0.997314,0.067965,0.404981,-0.653218,0.639729,0.030854,-0.653218,0.756523,0.756523,-0.653218,-0.030854],
    "uvs": [],
    "metadata": {
        "version": 3,
        "vertices": 42,
        "normals": 42,
        "uvs": 0,
        "generator": "io_three",
        "faces": 59,
        "type": "Geometry"
    },
    "name": "Cube.004Geometry"
}